Secret detox drink,apple cidar vinegar,lemon juice,cinnamon,,,,,
gluten free spring rolls,onion,chicken,garlic,bean,,,,
mushroom rice,garlic,onion,black_pepper,brown_rice,butter,chive,,
bacon wrapped chicken bites,bacon,chicken,,,,,,
baked salmon with parmesan herb crust,salmon,garlic,cinnamon,parmesan_cheese,,,,
honey garlic chicken slow cooker,chicken,cloves,basil,honey,,,,
italian sausage tin foil dinner,sausage,potato,bean,,,,,
easy beef stew,black_pepper,beef,coconut_oil,onion,tomato,red_wine,potato,leek
chicken with butter rosemary sauce,chicken,butter,cream,rosemary,,,,
coconut marathon,coconut,egg,vanilla,,,,,
Homemade Alfredo sauce,butter,cream,garlic,pepper,parmesan cheese,,,
Browned butter honey garlic salmon,butter,honey ,lemon,garlic,salmon,,,
cinnamon apple pie energy bites,apple ,grape,almond,cinnamon,,,,
Crockpot Roast Beef,beef,black_pepper,coconut_oil,,,,,
Hawaiian meatballs,pork,pineapple,green_bell_pepper,,,,,
crock pot lemon chicken,chicken,butter,lemon,pepper,,,,
bacon cheeseburger crock pot dip,beef,cream_cheese,cheddar_cheese,tomato,bacon,,,
cherry cheesecake egg rolls,cream_cheese,lemon,cherry,egg,,,,
ultimate loaded baked potato soup,bacon,butter,milk,potato,onion,cheddar_cheese,cream,black_pepper
swedish meatballs,mushroom,beef,onion,pork,cream,egg,,